Rain,$2a$12$HQ5ZcIcn9CFF5aPYY24gj.1HN2Vu2rAVtPMJmk51U/dtWNeUtBXi6,อนันกร ปิติโอภาสพงศ์,ปกติ,ไม่เคยเข้าใช้งาน,ไม่มีรูปประจำตัว,วิทยาศาสตร์,วิทยาการคอมพิวเตอร์,cN76A0S
Patrick,$2a$12$BlcwR.DeGLRPWtEon.kX.ucXVEIAp2dh0X8borKgBofxNq4Qwmnd2,จักร จันทรเกียรติ,ปกติ,ไม่เคยเข้าใช้งาน,ไม่มีรูปประจำตัว,วิทยาศาสตร์,ฟิสิกส์,fORP833
Pi,$2a$12$7Qln52wBu7TBRyzbXfSKyOKtGxRHY./U5mWVdbChtjXyE8TYDMC6e,กุลนิภา เมธากิจขจร,ปกติ,ไม่เคยเข้าใช้งาน,ไม่มีรูปประจำตัว,วิศวกรรมศาสตร์,วิศวกรรมคอมพิวเตอร์,2Ug6V7v
Tuptim,$2a$12$uqqoORUgPdO3VBzBEI//RuJNk4kKIhRlLTCRSTGRSbtS8EH7yYdJa,รัญชน์ นิธิธรรมรงค์,ปกติ,ไม่เคยเข้าใช้งาน,ไม่มีรูปประจำตัว,วิศวกรรมศาสตร์,วิศวกรรมคอมพิวเตอร์,5E2r4px
First,$2a$12$byvSANwzjzFhd.hX.0UJUOxFiqcjtE2sbG.8W/oLP/M6/SHyCeyVC,เฟสเอง ไงไง,ปกติ,ไม่เคยเข้าใช้งาน,ไม่มีรูปประจำตัว,วิทยาศาสตร์,จุลชีววิทยา,5E2r4px
Siriwat,$2a$12$O/umG/F7TGJ8hL5tvad0Tebd9o2AcVEf0c/pH/K/VNJeaKVjnJ23u,ศิริวัฒน์ วัฒนกุล,ปกติ,ไม่เคยเข้าใช้งาน,ไม่มีรูปประจำตัว,วิศวกรรมศาสตร์,วิศวกรรมไฟฟ้า,YjR43Ff
Krit,$2a$12$1DsDeQtiyxQ0fWjbDvrPUeTreNoojdjQPZ1dPibCfQB8tNl/TxRea,กฤษฎา แก้วทวี,ปกติ,ไม่เคยเข้าใช้งาน,ไม่มีรูปประจำตัว,วิทยาศาสตร์,เคมี,zPdA123
Somboon,$2a$12$g.yseQcQMpUx3BZHbWWgS.5xOEaCq9ZG3wJo9htDbiknNl4OgzX/G,สมบูรณ์ อธิรักษ์,ปกติ,ไม่เคยเข้าใช้งาน,ไม่มีรูปประจำตัว,วิทยาศาสตร์,ชีววิทยา,Tp6D7Qm
Sunee,$2a$12$Dnh0vq4PEN6oybf12URwCuYCOttxqhGkC37OUBTQKj2hahPJPoLvm,สุนีย์ วิชัย,ปกติ,ไม่เคยเข้าใช้งาน,ไม่มีรูปประจำตัว,วิทยาศาสตร์,เคมี,ghi321
Somchit,$2a$12$1vKGo8naUa37ZgN27Fe/z.W0yjyaFCED.Dg0UXl9/hNq6i865VnH.,สมจิตร สุขเกษม,ปกติ,ไม่เคยเข้าใช้งาน,ไม่มีรูปประจำตัว,เกษตร,พืชสวน,gJ5K4T9
Nirut,$2a$12$8PG5EBMs4zXCxbbeZ/7xEe0z3yHgKJkM6F/gUft2mZvWLQw57LDqS,นิรุต พิพัฒนาธรรม,ปกติ,ไม่เคยเข้าใช้งาน,ไม่มีรูปประจำตัว,ประมง,การจัดการประมง,sV8R3L6
Warunee,$2a$12$vTi3lLC07GCJ/pYER0iQoeMCZXOb07rj1qDc2574HL0MA7qphFtYi,วารุณี ทองคำ,ปกติ,ไม่เคยเข้าใช้งาน,ไม่มีรูปประจำตัว,เกษตร,พืชสวน,oL6P9G4
Nittaya,$2a$12$aSHwCSOd5I2L1Jvk/iftrOSj65WzJycev52NZaP681EEGjNy7wuNK,นิตยา สมบัติ,ปกติ,ไม่เคยเข้าใช้งาน,ไม่มีรูปประจำตัว,เกษตร,โรคพืช,fP7D5N8
Supot,$2a$12$TzcoQxFNVrBrkd224xuwcOm.31UppIRjDAizmiDn7BUvAxdlQpPpu,สุพจน์ วงศ์ชัย,ปกติ,ไม่เคยเข้าใช้งาน,ไม่มีรูปประจำตัว,เกษตร,ปฐพีวิทยา,kS3G2F7
Siriwan,$2a$12$vh4Ilb.Qlgwhat.Jwd2gu.Md1f61pJKMhkhEGvfHVwI16pisgl.Ua,สิริวรรณ ทองพูล,ปกติ,ไม่เคยเข้าใช้งาน,ไม่มีรูปประจำตัว,สถาปัตยกรรมศาสตร์,ภูมิสถาปัตยกรรม,pJ5T9K6
Chinnakorn,$2a$12$FN/WAPQ3V55c7iCbKFUtm.AI.x1X0reYAirqXGqoeTbJUMEs.janG,ชินกร สวัสดิ์ชัย,ปกติ,ไม่เคยเข้าใช้งาน,ไม่มีรูปประจำตัว,สถาปัตยกรรมศาสตร์,ภูมิสถาปัตยกรรม,bR8N6G3
Watcharapong,$2a$12$tq.PJyIj4rDSyzmQk77Ab.wC7yMcI4OGwjOkhM8OADo1poC8sEt3.,วัชรพงษ์ อินทวิเชียร,ปกติ,ไม่เคยเข้าใช้งาน,ไม่มีรูปประจำตัว,ประมง,ชีววิทยาประมง,nV4F7D2
Kittipong,$2a$12$XalXXwWS0N/k.7hA/WR19uGKcTAKek5L0rLJsC/Qkr6xCcS7ZmbT2,กิตติพงษ์ อิศรานนท์,ปกติ,ไม่เคยเข้าใช้งาน,ไม่มีรูปประจำตัว,ประมง,วิทยาศาสตร์ทางทะเล,fR2M8P4
Rattanaporn,$2a$12$GQ29w8J77YJ5FEhkN9jYB.DCklbth4kFjM3byVnB5zoSUObFLJX/.,รัตนพร จงเจริญ,ปกติ,ไม่เคยเข้าใช้งาน,ไม่มีรูปประจำตัว,บริหารธุรกิจ,การจัดการ,kT3G5N7
Somsri,$2a$12$zw3tsIaIvvPc9yiYvk22COfSTsfH2sufKuHcvnaG3Rkf9rc1xKxsK,สมศรี วงศ์วาน,ปกติ,ไม่เคยเข้าใช้งาน,ไม่มีรูปประจำตัว,บริหารธุรกิจ,การตลาด,rV7P9J6
Amorn,$2a$12$EfBG.Yqdxmn9c5fPwdXdyOhAyElVJxFGJXno2O4KnUbRhw.qFjeB2,อมร ศรีวรพงษ์,ปกติ,ไม่เคยเข้าใช้งาน,ไม่มีรูปประจำตัว,ประมง,เพาะเลี้ยงสัตว์น้ำ,vN4T6K2
Yuwadee,$2a$12$qyjf9vn.1O5B29WC0LHaKO7jn6tM.3nNg.MZnSrdcvdxaf/W0X3xu,ยุวดี อินทรวิจิตร,ปกติ,ไม่เคยเข้าใช้งาน,ไม่มีรูปประจำตัว,บริหารธุรกิจ,บัญชี,pG3M7F8
Akkharadet,$2a$12$431jYqdE5mAoPishY6GoEuymyKlJsM2CODtNjke.YdpPCDImx2kwu,อัครเดช สงวนศรี,ปกติ,ไม่เคยเข้าใช้งาน,ไม่มีรูปประจำตัว,ประมง,ผลิตภัณฑ์ประมง,bF9K2T3
