Jak,Light,Medium,Noto Sans Thai
Tan,Light,Medium,Noto Sans Thai
Pang,Light,Medium,Noto Sans Thai
Tai,Light,Medium,Noto Sans Thai
Tar,Light,Medium,Noto Sans Thai
Prasert,Light,Medium,Noto Sans Thai
Chalerm,Light,Medium,Noto Sans Thai
Wichai,Light,Medium,Noto Sans Thai
Somchai,Light,Medium,Noto Sans Thai
Anan,Light,Medium,Noto Sans Thai
Onuma,Light,Medium,Noto Sans Thai
Maneerat,Light,Medium,Noto Sans Thai
Teerapat,Light,Medium,Noto Sans Thai
Tawan,Light,Medium,Noto Sans Thai
Krisana,Light,Medium,Noto Sans Thai
Sasiwimon,Light,Medium,Noto Sans Thai
Charapol,Light,Medium,Noto Sans Thai
Natchaya,Light,Medium,Noto Sans Thai
Sirikon,Light,Medium,Noto Sans Thai
Nattapong,Light,Medium,Noto Sans Thai
Nicha,Light,Medium,Noto Sans Thai
Guitar,Light,Medium,Noto Sans Thai
Nutty,Light,Medium,Noto Sans Thai
Noppy,Light,Medium,Noto Sans Thai
Picha,Light,Medium,Noto Sans Thai
Chainy,Light,Medium,Noto Sans Thai
Siri,Light,Medium,Noto Sans Thai
Ratha,Light,Medium,Noto Sans Thai
Sirikorn,Light,Medium,Noto Sans Thai
Sunny,Light,Medium,Noto Sans Thai
Jai,Light,Medium,Noto Sans Thai
Somjeed,Light,Medium,Noto Sans Thai
Mon,Light,Medium,Noto Sans Thai
Somre,Light,Medium,Noto Sans Thai
Farm,Light,Medium,Noto Sans Thai
Tame,Light,Medium,Noto Sans Thai
Earth,Light,Medium,Noto Sans Thai
At,Light,Medium,Noto Sans Thai
Anucha,Light,Medium,Noto Sans Thai
Pisut,Light,Medium,Noto Sans Thai
Chai,Light,Medium,Noto Sans Thai
John,Light,Medium,Noto Sans Thai
Jane,Light,Medium,Noto Sans Thai
Somsak,Light,Medium,Noto Sans Thai
Pradit,Light,Medium,Noto Sans Thai
Suriya,Light,Medium,Noto Sans Thai
Piyaporn,Light,Medium,Noto Sans Thai
Jiraphat,Light,Medium,Noto Sans Thai
Kirati,Light,Medium,Noto Sans Thai
Narong,Light,Medium,Noto Sans Thai
Thitipong,Light,Medium,Noto Sans Thai
Wanida,Light,Medium,Noto Sans Thai
Nathapon,Light,Medium,Noto Sans Thai
Sutthipong,Light,Medium,Noto Sans Thai
Wirawan,Light,Medium,Noto Sans Thai
Nuchanart,Light,Medium,Noto Sans Thai
Phonchai,Light,Medium,Noto Sans Thai
Sakorn,Light,Medium,Noto Sans Thai
Suchada,Light,Medium,Noto Sans Thai
Chariya,Light,Medium,Noto Sans Thai
Somrak,Light,Medium,Noto Sans Thai
Thawatchai,Light,Medium,Noto Sans Thai
Suchat,Light,Medium,Noto Sans Thai
Rain,Light,Medium,Noto Sans Thai
Patrick,Light,Medium,Noto Sans Thai
Pi,Light,Medium,Noto Sans Thai
Tuptim,Light,Medium,Noto Sans Thai
First,Light,Medium,Noto Sans Thai
Siriwat,Light,Medium,Noto Sans Thai
Krit,Light,Medium,Noto Sans Thai
Somboon,Light,Medium,Noto Sans Thai
Sunee,Light,Medium,Noto Sans Thai
Somchit,Light,Medium,Noto Sans Thai
Nirut,Light,Medium,Noto Sans Thai
Warunee,Light,Medium,Noto Sans Thai
Nittaya,Light,Medium,Noto Sans Thai
Supot,Light,Medium,Noto Sans Thai
Siriwan,Light,Medium,Noto Sans Thai
Chinnakorn,Light,Medium,Noto Sans Thai
Watcharapong,Light,Medium,Noto Sans Thai
Kittipong,Light,Medium,Noto Sans Thai
Rattanaporn,Light,Medium,Noto Sans Thai
Somsri,Light,Medium,Noto Sans Thai
Amorn,Light,Medium,Noto Sans Thai
Yuwadee,Light,Medium,Noto Sans Thai
Akkharadet,Light,Medium,Noto Sans Thai
